G,speed,peak
10,7,3.703703703703703
10,2,5.23194912083801
