G,speed,peak
10,7,4.197530864197531
10,2,6.507669285447062
